Date,Price,Open,High,Low,Volume,Chg%
17-03-2023,529.8,528.65,531.6,520.1,18.79M,1.01%
16-03-2023,524.5,518.4,529.35,514.3,20.04M,1.34%
15-03-2023,517.55,529.8,532,515.55,11.28M,-1.49%
14-03-2023,525.4,527.65,532.8,520,14.75M,-0.87%
13-03-2023,530,547,553.15,528.45,14.37M,-3.17%
10-03-2023,547.35,553.1,554.95,545,11.52M,-2.07%
09-03-2023,558.9,564.75,565.75,558,8.99M,-1.04%
08-03-2023,564.8,560,565.5,556.45,12.64M,0.55%
06-03-2023,561.7,564.9,567.9,559,16.16M,0.09%
03-03-2023,561.2,542,564.3,541.75,27.66M,5.14%
02-03-2023,533.75,535.95,539.9,532.5,10.38M,-0.55%
01-03-2023,536.7,523.25,537.4,523.1,13.51M,2.66%
28-02-2023,522.8,527.25,528.45,521.05,15.77M,-0.93%
27-02-2023,527.7,521.1,529.8,519,11.05M,1.28%
24-02-2023,521.05,524.2,527.5,517.6,12.25M,0.01%
23-02-2023,521,516.95,524,511.35,15.54M,0.90%
22-02-2023,516.35,520.75,521.9,512.5,14.76M,-1.36%
21-02-2023,523.45,527.1,528.95,522.4,10.22M,-0.32%
20-02-2023,525.15,532,533.95,522.15,12.57M,-1.10%
17-02-2023,531,538.5,539.65,527.75,14.19M,-1.68%
16-02-2023,540.1,546.85,546.85,538.5,12.77M,-0.40%
15-02-2023,542.25,540,544.65,536.8,12.80M,0.26%
14-02-2023,540.85,539.95,544.6,530.75,18.56M,0.62%
13-02-2023,537.5,554,556.9,533.3,18.49M,-2.81%
10-02-2023,553.05,546.5,557.25,546.5,13.82M,0.41%
09-02-2023,550.8,552,552,542.8,15.06M,0.19%
08-02-2023,549.75,550,554.5,545.5,15.50M,0.48%
07-02-2023,547.1,548,551.4,541.05,16.20M,0.31%
06-02-2023,545.4,558.8,558.8,536.55,25.34M,0.22%
03-02-2023,544.2,536,545.95,519.15,32.32M,3.05%
02-02-2023,528.1,520.2,532.65,502.5,39.29M,0.14%
01-02-2023,527.35,561.4,565,499.35,38.22M,-4.72%
31-01-2023,553.5,545,557,537.85,21.91M,2.84%
30-01-2023,538.2,536,554.35,525.2,40.80M,-0.32%
27-01-2023,539.95,568,568.55,532.25,40.16M,-5.06%
25-01-2023,568.7,595.85,595.85,567.4,25.69M,-4.32%
24-01-2023,594.35,603.5,604.6,593.05,7.61M,-1.02%
23-01-2023,600.45,598.5,601.75,592.95,6.60M,1.39%
20-01-2023,592.2,593.8,596.6,590.8,6.75M,0.40%
19-01-2023,589.85,591,591.75,587.55,7.48M,-0.27%
18-01-2023,591.45,595.9,597.15,587.6,11.54M,-0.25%
17-01-2023,592.95,603,606,586.05,13.46M,-1.67%
16-01-2023,603,603,606.1,600.6,5.48M,0.48%
13-01-2023,600.1,597.9,602.9,593.65,7.88M,0.87%
12-01-2023,594.9,597.9,597.9,590.1,8.18M,-0.30%
11-01-2023,596.7,596.45,599.5,592.25,7.42M,0.26%
10-01-2023,595.15,608.45,609,590.6,10.62M,-2.07%
09-01-2023,607.7,605,609,600.1,8.88M,1.17%
06-01-2023,600.65,607.4,607.45,597,7.97M,-0.74%
05-01-2023,605.1,607,611.6,601.95,8.24M,-0.02%
04-01-2023,605.2,611.85,614.95,604,7.01M,-1.18%
03-01-2023,612.4,614.5,616.6,610,6.82M,0.03%
02-01-2023,612.2,614.95,619.2,611.2,6.73M,-0.24%
30-12-2022,613.7,615.25,620.55,611.35,13.05M,0.31%
29-12-2022,611.8,600,618,597.15,20.13M,1.79%
28-12-2022,601.05,600.9,607,598.55,7.99M,-0.14%
27-12-2022,601.9,600.4,603.1,593.3,9.64M,0.80%
26-12-2022,597.1,574,601.7,570.7,13.20M,4.02%
23-12-2022,574,590,590.7,571.5,13.05M,-3.27%
22-12-2022,593.4,597,599,587.55,8.74M,0.00%
21-12-2022,593.4,605.9,609.15,589.6,9.22M,-1.83%
20-12-2022,604.45,603,606.5,599.55,6.75M,0.00%
19-12-2022,604.45,604,609.5,603,8.32M,0.18%
16-12-2022,603.35,612,615.6,602.1,9.44M,-2.05%
15-12-2022,615.95,625.55,629.55,614.3,10.62M,-1.53%
14-12-2022,625.5,618.5,626.75,617.5,14.01M,1.42%
13-12-2022,616.75,613.5,617.4,612.5,7.46M,0.60%
12-12-2022,613.05,614.8,618.7,611,9.29M,-0.56%
09-12-2022,616.5,614.4,618,609.1,11.20M,0.79%
08-12-2022,611.65,609.75,613.8,607.15,10.02M,0.76%
07-12-2022,607.05,610.85,612.9,604.5,7.61M,-0.31%
06-12-2022,608.95,614.75,619.8,607.8,13.00M,-1.35%
05-12-2022,617.3,608.5,618,607.55,11.59M,1.60%
02-12-2022,607.55,607.5,609.6,604.25,7.53M,-0.09%
01-12-2022,608.1,607.85,609.8,601.55,14.21M,0.94%
30-11-2022,602.45,608.5,611.4,598.4,15.61M,-1.00%
29-11-2022,608.55,607.1,611.8,607.1,6.94M,-0.01%
28-11-2022,608.6,605.6,610.9,602.35,7.93M,0.20%
25-11-2022,607.4,610.55,613.7,606.25,9.99M,-0.32%
24-11-2022,609.35,609.75,611.3,605.8,8.96M,0.28%
23-11-2022,607.65,601.55,609.6,601,12.44M,1.43%
22-11-2022,599.1,598.15,600.7,596.15,8.05M,0.17%
21-11-2022,598.1,602.1,602.1,595.35,7.41M,-0.76%
18-11-2022,602.7,601,605.75,597.15,12.93M,0.61%
17-11-2022,599.05,599.1,602.75,596.15,8.17M,-0.12%
16-11-2022,599.75,599.95,603.5,596,11.56M,-0.18%
15-11-2022,600.85,594.3,602.1,592.65,10.29M,1.40%
14-11-2022,592.55,603.95,603.95,591.65,12.96M,-1.46%
11-11-2022,601.3,617.25,619.55,598.5,15.53M,-0.73%
10-11-2022,605.75,613.1,615.1,602.2,11.62M,-1.59%
09-11-2022,615.55,621,621,610.55,18.94M,0.23%
07-11-2022,614.15,613,622.7,607.7,44.27M,3.40%
04-11-2022,593.95,586,596.95,580.4,25.76M,1.55%
03-11-2022,584.9,569,587.95,568,17.56M,1.93%
02-11-2022,573.85,575.9,578.95,569.9,10.24M,-0.53%
01-11-2022,576.9,576.35,585.75,574.6,12.07M,0.54%
31-10-2022,573.8,574.95,577.45,568.4,9.89M,0.53%
28-10-2022,570.75,579.95,582.65,567,10.04M,-1.54%
27-10-2022,579.65,583.95,585,577.6,13.61M,0.19%
25-10-2022,578.55,572.5,586.2,568,19.90M,1.41%
24-10-2022,570.5,567,572.5,565.9,3.69M,1.72%
21-10-2022,560.85,557.25,565.8,557.25,11.77M,0.98%
20-10-2022,555.4,552,556.8,545.3,11.23M,0.36%
19-10-2022,553.4,563,563.45,551.55,9.54M,-1.61%
18-10-2022,562.45,547.1,563.5,546.75,20.44M,3.46%
17-10-2022,543.65,526.4,544.7,524.2,13.49M,3.12%
14-10-2022,527.2,530.2,534.85,526,8.55M,1.10%
13-10-2022,521.45,533,533.8,520.2,12.97M,-2.31%
12-10-2022,533.8,530,535,526,8.52M,1.21%
11-10-2022,527.4,530.75,533.7,525.5,10.83M,-0.63%
10-10-2022,530.75,525.7,533.9,522.2,9.65M,0.10%
07-10-2022,530.2,535.5,535.6,526.55,11.07M,-1.32%
06-10-2022,537.3,534.6,541.8,534.6,9.51M,0.86%
04-10-2022,532.7,533,535.8,527.8,8.75M,2.49%
03-10-2022,519.75,527.6,531.65,518.5,9.35M,-2.04%
30-09-2022,530.6,524,536.9,516.15,17.47M,1.70%
29-09-2022,521.75,529,535.7,519.55,17.31M,-0.59%
28-09-2022,524.85,532.9,539.8,520.35,12.23M,-2.17%
27-09-2022,536.5,544.55,550.9,533.2,11.07M,-1.25%
26-09-2022,543.3,545.8,549,533,16.16M,-1.33%
23-09-2022,550.6,564.8,568,549.5,12.56M,-2.94%
22-09-2022,567.3,566.75,574,562,11.87M,-0.42%
21-09-2022,569.7,575,577.3,565.4,9.39M,-0.76%
20-09-2022,574.05,577.95,577.95,572.85,8.48M,0.31%
19-09-2022,572.25,560.7,574.4,559.55,11.19M,1.86%
16-09-2022,561.8,569.1,574,560.3,14.74M,-1.81%
15-09-2022,572.15,572.55,578.5,567.9,12.75M,0.07%
14-09-2022,571.75,550,574.85,549.25,21.63M,2.46%
13-09-2022,558,560,560,553.75,16.71M,0.56%
12-09-2022,554.9,554.9,558.6,551.25,9.68M,0.28%
09-09-2022,553.35,549.65,557,548,18.59M,1.60%
08-09-2022,544.65,536,546.3,535.5,12.24M,2.21%
07-09-2022,532.85,534.4,537.45,531.55,8.45M,-0.92%
06-09-2022,537.8,538,542.7,534.1,8.66M,-0.20%
05-09-2022,538.9,537,540.8,536.3,7.82M,0.41%
02-09-2022,536.7,537,537.85,531.25,10.02M,0.64%
01-09-2022,533.3,522.25,540.9,522.25,16.67M,0.39%
30-08-2022,531.25,518.2,532.5,517.95,14.84M,3.19%
29-08-2022,514.85,511.3,517,508.75,9.42M,-1.71%
26-08-2022,523.8,523.8,529.5,522.2,12.86M,0.65%
25-08-2022,520.4,521.95,528.3,518.5,15.47M,0.21%
24-08-2022,519.3,519,523,512.3,11.93M,-0.50%
23-08-2022,521.9,508.25,524,508.25,8.60M,2.07%
22-08-2022,511.3,519,519.9,510,9.68M,-1.74%
19-08-2022,520.35,532,533.65,518.5,11.09M,-2.25%
18-08-2022,532.35,526.85,534.8,526.2,9.01M,0.80%
17-08-2022,528.15,528.85,530.55,524.35,12.05M,0.42%
16-08-2022,525.95,533.3,533.85,525,10.72M,-0.90%
12-08-2022,530.7,525.7,531.8,525.15,12.15M,1.13%
11-08-2022,524.75,520,526,517.2,13.86M,1.95%
10-08-2022,514.7,521.55,523.5,513.4,16.90M,-1.10%
08-08-2022,520.4,524,524,513.85,32.57M,-2.01%
05-08-2022,531.05,535.55,542.9,529,21.11M,-0.41%
04-08-2022,533.25,543.65,544,524.2,18.07M,-1.41%
03-08-2022,540.85,541.9,546.4,534.65,24.26M,-0.23%
02-08-2022,542.1,531.9,544.9,531.1,16.85M,1.56%
01-08-2022,533.75,529.05,535,526.4,8.30M,1.02%
29-07-2022,528.35,535.05,537,526.75,11.92M,-0.77%
28-07-2022,532.45,533.2,537.5,529.55,12.16M,0.80%
27-07-2022,528.2,515.3,529.95,512.25,15.10M,2.72%
26-07-2022,514.2,517.7,520.8,513.1,8.86M,-0.70%
25-07-2022,517.8,513.4,519,509.15,10.23M,0.80%
22-07-2022,513.7,513.45,520.2,511.2,14.70M,0.32%
21-07-2022,512.05,509.8,513.4,506.75,13.81M,0.68%
20-07-2022,508.6,501,510.6,500.4,19.28M,2.14%
19-07-2022,497.95,488,498.55,488,11.72M,1.56%
18-07-2022,490.3,484.55,491.5,482.1,9.93M,2.34%
15-07-2022,479.1,482.55,484.4,474.7,6.95M,-0.05%
14-07-2022,479.35,486.6,488.9,476.8,9.39M,-1.47%
13-07-2022,486.5,487.75,492.45,484.55,8.21M,0.32%
12-07-2022,484.95,485,491.35,483.1,7.36M,-0.67%
11-07-2022,488.2,485,491.3,485,7.70M,-0.07%
08-07-2022,488.55,489,489.9,485.15,9.06M,0.37%
07-07-2022,486.75,484,488.25,481.6,11.50M,1.42%
06-07-2022,479.95,475.15,481,473.9,12.06M,1.65%
05-07-2022,472.15,475.15,480,471,12.00M,-0.27%
04-07-2022,473.45,466.85,474.15,466.85,9.19M,1.41%
01-07-2022,466.85,463.35,468.8,460.55,9.41M,0.20%
30-06-2022,465.9,459,469.3,458.6,16.93M,1.48%
29-06-2022,459.1,460,462.7,458,11.80M,-1.11%
28-06-2022,464.25,458.9,465.75,458,13.26M,0.66%
27-06-2022,461.2,459.95,464.85,458.05,9.51M,1.53%
24-06-2022,454.25,455.8,460.35,453.2,10.83M,0.63%
23-06-2022,451.4,449,456.45,446,12.23M,0.84%
22-06-2022,447.65,448.75,451.2,444.65,11.07M,-0.69%
21-06-2022,450.75,439.5,454.95,437.6,13.80M,3.69%
20-06-2022,434.7,441.5,443.45,430.7,12.37M,-1.43%
17-06-2022,441,440,447.55,437.25,14.33M,-0.14%
16-06-2022,441.6,455.15,457.75,440.15,10.78M,-2.16%
15-06-2022,451.35,448.95,455.45,448.6,9.92M,0.73%
14-06-2022,448.1,445,449.25,443.35,11.35M,0.50%
13-06-2022,445.85,454,454.05,442.1,13.43M,-3.46%
10-06-2022,461.85,462,464.15,458.6,8.62M,-1.09%
09-06-2022,466.95,468.95,470.9,462.45,12.64M,-0.92%
08-06-2022,471.3,466.6,475.55,463.2,17.17M,1.70%
07-06-2022,463.4,461.85,465.95,460.5,7.67M,-0.06%
06-06-2022,463.7,464.2,465.6,456.5,10.66M,-0.17%
03-06-2022,464.5,473.25,475.5,463.5,11.31M,-1.14%
02-06-2022,469.85,466.9,472.35,466.15,9.37M,0.33%
01-06-2022,468.3,468,472,464.7,9.42M,0.04%
31-05-2022,468.1,474,476.4,465,15.44M,-1.37%
30-05-2022,474.6,473,476.9,471.1,9.37M,1.20%
27-05-2022,468.95,471.4,475,467.5,10.98M,0.01%
26-05-2022,468.9,456.85,470.1,452.5,17.06M,3.26%
25-05-2022,454.1,461,464.45,452.05,12.73M,-1.72%
24-05-2022,462.05,462.4,466.8,460.2,17.18M,0.25%
23-05-2022,460.9,463.1,471.4,459.5,13.50M,-0.32%
20-05-2022,462.4,454.85,464,454.15,13.60M,3.33%
19-05-2022,447.5,449.05,450,444.45,14.20M,-2.29%
18-05-2022,458,467.9,468.6,457.1,15.64M,-1.99%
17-05-2022,467.3,458.3,469.65,456.15,16.88M,2.70%
16-05-2022,455,445,461.5,438.85,27.94M,2.33%
13-05-2022,444.65,469.45,477,439.75,61.40M,-3.89%
12-05-2022,462.65,473,473,456.35,18.95M,-2.92%
11-05-2022,476.55,475.25,479,463.65,14.77M,0.28%
10-05-2022,475.2,477,482.55,473.5,10.88M,-0.15%
09-05-2022,475.9,477.1,483.7,473.8,13.54M,-1.66%
06-05-2022,483.95,471,486.1,471,16.71M,0.82%
05-05-2022,480,485,494,478.65,14.13M,0.07%
04-05-2022,479.65,492,496.45,477.5,14.65M,-2.31%
02-05-2022,491,492.65,495,481.3,18.59M,-1.07%
29-04-2022,496.3,508.1,512.5,494,12.89M,-2.21%
28-04-2022,507.5,499.15,510,496.5,12.15M,2.06%
27-04-2022,497.25,500,502.8,491.85,12.37M,-1.63%
26-04-2022,505.5,499,507.9,498.45,12.14M,2.17%
25-04-2022,494.75,495,499.2,490.05,14.06M,-1.17%
22-04-2022,500.6,512.9,513.5,499,16.76M,-3.04%
21-04-2022,516.3,513.4,518,512.2,10.04M,1.37%
20-04-2022,509.3,512,513.7,507,11.88M,-0.49%
19-04-2022,511.8,513.25,520.95,505.1,20.36M,0.45%
18-04-2022,509.5,512,515,504,14.49M,-1.58%
13-04-2022,517.7,514.3,520.9,513.75,15.44M,0.95%
12-04-2022,512.85,512.75,516.7,504.35,14.46M,-0.40%
11-04-2022,514.9,513.5,522,513.2,12.37M,-0.23%
08-04-2022,516.1,519.5,519.5,512.35,13.57M,0.22%
07-04-2022,514.95,510.05,519.9,510.05,19.62M,0.19%
06-04-2022,513.95,507,515.2,506,13.74M,0.89%
05-04-2022,509.4,514.4,516.4,507.7,13.60M,-0.59%
04-04-2022,512.4,509.3,514.9,506,16.26M,0.83%
01-04-2022,508.2,491,509.75,491,18.53M,2.97%
31-03-2022,493.55,494.3,497.55,492.2,10.24M,-0.15%
30-03-2022,494.3,499.3,500.4,492.3,16.46M,-0.14%
29-03-2022,495,500,501.4,491.7,14.30M,-0.50%
28-03-2022,497.5,490.95,498.6,481.95,16.74M,1.39%
25-03-2022,490.7,491.75,493.3,486.6,11.54M,0.74%
24-03-2022,487.1,485,494.8,483.5,18.17M,-0.72%
23-03-2022,490.65,498.5,502.4,489.2,15.80M,-0.62%
22-03-2022,493.7,490.6,495.8,477.25,26.16M,0.63%
21-03-2022,490.6,502,502,489,19.06M,-2.25%
17-03-2022,501.9,499,503.5,498.3,22.95M,1.86%
16-03-2022,492.75,493,494.3,489.4,16.21M,1.42%
15-03-2022,485.85,489,490.5,480.65,27.20M,0.14%
14-03-2022,485.15,471,486,470.55,27.75M,3.15%
11-03-2022,470.35,466.4,474.8,462,22.09M,0.35%
10-03-2022,468.7,469.9,476.65,461.65,34.55M,3.76%
09-03-2022,451.7,442,454.3,438.55,32.33M,2.59%
08-03-2022,440.3,438,442.1,425,42.51M,0.00%
07-03-2022,440.3,447.5,453.95,433.45,33.72M,-4.69%
04-03-2022,461.95,460.3,470.9,457.65,20.68M,-1.17%
03-03-2022,467.4,480,483.4,464.6,20.36M,-1.44%
02-03-2022,474.25,478,479.8,467,22.00M,-1.85%
28-02-2022,483.2,476.9,485.3,473.1,18.07M,0.05%
25-02-2022,482.95,480,491.9,479.3,21.79M,2.18%
24-02-2022,472.65,480,487.95,468,32.36M,-5.22%
23-02-2022,498.7,503,505.35,497.25,13.90M,0.06%
22-02-2022,498.4,500.9,505.3,495.5,27.11M,-2.63%
21-02-2022,511.85,511.55,517.5,504.65,16.87M,-0.67%
18-02-2022,515.3,510.1,520.9,510.1,15.11M,0.46%
17-02-2022,512.95,520,520,511.15,16.41M,-0.73%
16-02-2022,516.7,526.5,528,514,19.77M,-1.54%
15-02-2022,524.8,502,526.85,497.1,23.84M,4.67%
14-02-2022,501.4,515,515.6,499.7,26.15M,-5.32%
11-02-2022,529.6,536.25,537.7,527.1,14.61M,-2.03%
10-02-2022,540.55,537.1,543.95,534.4,18.66M,0.99%
09-02-2022,535.25,534.95,536.5,527.75,14.86M,0.73%
08-02-2022,531.35,535.5,537.65,519,26.57M,-0.36%
07-02-2022,533.25,531.9,549,525.25,52.29M,0.56%
04-02-2022,530.3,542.15,546.4,527.3,25.33M,-1.81%
03-02-2022,540.1,537.15,544.7,537.15,22.72M,0.06%
02-02-2022,539.8,536.65,544.25,531.35,21.66M,1.41%
01-02-2022,532.3,543.95,543.95,520,32.25M,-1.11%
31-01-2022,538.3,529,540.9,527.05,28.67M,2.84%
28-01-2022,523.45,534,536.4,521.4,24.72M,-1.04%
27-01-2022,528.95,503.55,530.85,503.2,35.41M,2.78%
25-01-2022,514.65,490,517.5,489,21.79M,4.15%
24-01-2022,494.15,502.4,506.8,488,20.23M,-1.70%
21-01-2022,502.7,505.3,507.5,498,16.95M,-1.70%
20-01-2022,511.4,516,519.15,508,17.72M,-0.85%
19-01-2022,515.8,505,517.65,500.3,16.08M,1.78%
18-01-2022,506.8,514,517.45,505,12.59M,-1.40%
17-01-2022,514,508,518.9,507.55,17.42M,1.11%
14-01-2022,508.35,509,510.35,505.15,8.72M,-0.59%
13-01-2022,511.35,510,512.85,507,10.45M,0.22%
12-01-2022,510.25,509.9,513.5,508.5,14.49M,0.85%
11-01-2022,505.95,503,507.8,499.25,16.11M,0.46%
10-01-2022,503.65,493.35,504.95,492.5,15.83M,2.52%
07-01-2022,491.25,493.45,501.95,489.45,22.75M,-0.09%
06-01-2022,491.7,487.7,494.4,485.4,18.19M,-0.14%
05-01-2022,492.4,481.9,495,479.15,24.69M,1.84%
04-01-2022,483.5,472.5,484.7,471.05,23.30M,2.70%
03-01-2022,470.8,462,472,460.1,13.12M,2.25%
31-12-2021,460.45,454.25,461.4,453.1,10.01M,1.94%
30-12-2021,451.7,452.75,454.9,448.5,28.88M,-0.59%
29-12-2021,454.4,461,462.15,451.4,11.76M,-1.47%
28-12-2021,461.2,461.2,462.9,459.05,8.83M,0.69%
27-12-2021,458.05,453.7,460.5,450.55,8.86M,0.24%
24-12-2021,456.95,462.6,463.6,452.2,13.22M,-1.05%
23-12-2021,461.8,461,465,457.75,14.47M,1.31%
22-12-2021,455.85,450,457.3,449,13.10M,2.21%
21-12-2021,446,457.05,458.25,444.5,16.62M,-0.71%
20-12-2021,449.2,459,464,443,22.34M,-3.98%
17-12-2021,467.8,480.05,481.4,466.5,12.65M,-2.77%
16-12-2021,481.15,488.35,490.55,478.25,11.11M,-0.75%
15-12-2021,484.8,490,491,483.5,8.64M,-0.77%
14-12-2021,488.55,486,490.35,481.8,11.64M,0.15%
13-12-2021,487.8,497.75,500.45,486.35,14.05M,-1.39%
10-12-2021,494.7,488.5,495.95,484.4,13.26M,1.24%
09-12-2021,488.65,492.3,493.5,486.1,12.56M,-0.59%
08-12-2021,491.55,480.9,492.4,480.25,20.40M,3.12%
07-12-2021,476.7,469.2,479.7,469.2,13.64M,2.45%
06-12-2021,465.3,473.15,477,463.8,14.35M,-1.66%
03-12-2021,473.15,475.75,481.5,470.05,16.65M,-0.81%
02-12-2021,477,474.5,478.15,470.95,12.96M,0.36%
01-12-2021,475.3,464.45,477.25,464,17.16M,3.20%
30-11-2021,460.55,468,477.25,458,23.03M,-0.98%
29-11-2021,465.1,470,477.75,454.3,22.41M,-1.15%
26-11-2021,470.5,486.25,487.9,467.1,26.31M,-4.09%
25-11-2021,490.55,490,495.45,486.3,12.89M,-0.53%
24-11-2021,493.15,495.8,500,489.05,13.96M,0.02%
23-11-2021,493.05,485.25,495.4,480,20.00M,1.37%
22-11-2021,486.4,506,506,477.5,28.80M,-3.45%
18-11-2021,503.8,499.1,506.2,492.3,22.47M,1.13%
17-11-2021,498.15,493.85,505.4,491,20.49M,0.62%
16-11-2021,495.1,507.4,507.4,493.5,19.55M,-2.26%
15-11-2021,506.55,512.4,515.9,505.5,13.33M,-0.94%
12-11-2021,511.35,512,513,502.7,19.84M,0.34%
11-11-2021,509.6,522.85,522.85,507.1,23.09M,-2.82%
10-11-2021,524.4,525.55,528.5,521.5,15.81M,-0.90%
09-11-2021,529.15,526.25,532,522.2,25.45M,1.13%
08-11-2021,523.25,534.45,534.45,516.45,36.80M,-1.36%
04-11-2021,530.45,531.5,535.9,528.05,9.80M,0.53%
03-11-2021,527.65,524,542.3,515.2,80.78M,1.14%
02-11-2021,521.7,514.8,525,512.05,26.80M,1.16%
01-11-2021,515.7,508.5,516.95,501,20.68M,2.70%
29-10-2021,502.15,501.5,512.65,488.4,31.36M,0.16%
28-10-2021,501.35,519.6,520.55,497.6,28.14M,-3.43%
27-10-2021,519.15,513.7,526.85,512.75,29.46M,1.29%
26-10-2021,512.55,507.6,518.2,507.6,21.11M,1.19%
25-10-2021,506.5,506.5,515.45,497.85,35.62M,0.71%
22-10-2021,502.95,504.6,508.7,500,24.08M,0.00%
21-10-2021,502.95,504.9,506.5,491.75,20.81M,0.61%
20-10-2021,499.9,488.8,507.5,483.1,34.08M,2.40%
19-10-2021,488.2,500.35,504.2,483.25,20.65M,-1.96%
18-10-2021,497.95,494,501,491.7,20.08M,1.50%
14-10-2021,490.6,482,493.9,482,23.43M,1.85%
13-10-2021,481.7,486.15,486.15,478,17.64M,-0.27%
12-10-2021,483,470,484.4,468.1,33.76M,2.93%
11-10-2021,469.25,460,474.95,458.65,20.69M,2.46%
08-10-2021,458,461.9,464,454.25,16.52M,0.02%
07-10-2021,457.9,462.1,464,457.1,9.98M,0.15%
06-10-2021,457.2,465,471,453.65,19.06M,-1.61%
05-10-2021,464.7,462,469,458.7,16.49M,0.33%
04-10-2021,463.15,453.8,464.4,451.6,16.25M,2.55%
01-10-2021,451.65,448.5,455.55,443.8,14.78M,-0.30%
30-09-2021,453,459.95,464.9,451.4,26.53M,-1.52%
29-09-2021,460,441.85,462.3,439.1,38.64M,3.39%
28-09-2021,444.9,449.2,455.8,439.6,19.24M,-0.38%
27-09-2021,446.6,444.9,450.55,442.25,11.75M,1.33%
24-09-2021,440.75,451.1,451.9,440,10.73M,-2.01%
23-09-2021,449.8,442.4,451.15,442.05,20.52M,2.50%
22-09-2021,438.85,438.9,442.8,436.1,14.32M,0.01%
21-09-2021,438.8,440.15,441.35,432.65,17.28M,0.31%
20-09-2021,437.45,449.4,453.5,435.65,18.38M,-3.67%
17-09-2021,454.1,468,471.9,450.35,41.53M,-2.07%
16-09-2021,463.7,444.85,466.1,442.75,42.64M,4.47%
15-09-2021,443.85,433,445,431.45,22.18M,2.51%
14-09-2021,433,435,436.75,432.25,9.98M,0.03%
13-09-2021,432.85,430.1,433.8,428.8,9.57M,0.13%
09-09-2021,432.3,430.25,433.8,430,9.66M,0.22%
08-09-2021,431.35,429,435.4,427.35,22.82M,0.52%
07-09-2021,429.1,431.05,431.7,425.1,14.93M,-0.45%
06-09-2021,431.05,432,433.85,430.05,10.69M,-0.08%
03-09-2021,431.4,431.25,434.3,428.2,14.23M,0.38%
02-09-2021,429.75,431.4,433.5,427.75,14.37M,-0.03%
01-09-2021,429.9,427.5,432.55,425.15,18.78M,0.90%
31-08-2021,426.05,423.85,427,418.7,26.26M,0.79%
30-08-2021,422.7,414.4,423.3,413.5,20.31M,2.49%
27-08-2021,412.45,410.35,414.35,407.5,15.09M,0.41%
26-08-2021,410.75,414.5,415.8,410,15.90M,-1.32%
25-08-2021,416.25,419,421.3,414.3,16.41M,-0.32%
24-08-2021,417.6,409.5,418.75,408.2,19.01M,1.98%
23-08-2021,409.5,411.1,413,401.25,26.56M,0.69%
20-08-2021,406.7,415,417.35,405.15,25.54M,-3.10%
18-08-2021,419.7,422.15,424.35,418,17.67M,-0.43%
17-08-2021,421.5,424.85,425.85,415.25,22.96M,-0.79%
16-08-2021,424.85,430,434,424,17.61M,-1.47%
13-08-2021,431.2,427.6,432.25,425,20.91M,0.95%
12-08-2021,427.15,430,430.45,425,16.85M,-0.21%
11-08-2021,428.05,429.8,432.9,423.15,23.83M,0.38%
10-08-2021,426.45,434.4,436.4,421.7,27.79M,-1.60%
09-08-2021,433.4,437.9,441.8,431,22.20M,-0.52%
06-08-2021,435.65,443.7,447,434,38.24M,-1.40%
05-08-2021,441.85,461,462.5,438.4,58.60M,-3.30%
04-08-2021,456.95,448.65,467.45,441.5,129.76M,2.34%
03-08-2021,446.5,434.95,447.9,433.6,40.92M,2.67%
02-08-2021,434.9,434.75,436.7,431.8,16.93M,0.72%
30-07-2021,431.8,441.5,444.4,430.7,35.20M,-2.21%
29-07-2021,441.55,426,443.6,425.5,35.26M,3.77%
28-07-2021,425.5,430,430.5,421.05,17.64M,-1.04%
27-07-2021,429.95,424.15,433.25,424,24.12M,1.57%
26-07-2021,423.3,427.8,427.8,422.3,14.04M,-1.31%
23-07-2021,428.9,422.9,429.95,419.5,17.70M,1.62%
22-07-2021,422.05,425.55,426.7,420.9,11.80M,0.27%
20-07-2021,420.9,427,427,418.9,14.62M,-1.64%
19-07-2021,427.9,423.4,429.45,418.85,14.43M,-0.49%
16-07-2021,430,432,432.5,427.45,8.71M,-0.39%
15-07-2021,431.7,432.7,432.95,429.65,11.03M,0.15%
14-07-2021,431.05,429,432.3,426.4,12.77M,0.45%
13-07-2021,429.1,430,431.8,428.3,12.83M,0.39%
12-07-2021,427.45,426.5,430.25,424.6,12.89M,0.87%
09-07-2021,423.75,425,427.5,421.05,16.84M,-0.16%
08-07-2021,424.45,432.8,435.4,422.1,21.43M,-1.94%
07-07-2021,432.85,429.35,434,427.55,14.47M,0.72%
06-07-2021,429.75,431.7,436.5,428.2,20.20M,-0.67%
05-07-2021,432.65,426.5,434.5,424.25,16.48M,1.94%
02-07-2021,424.4,420.3,425.4,419,16.42M,0.95%
01-07-2021,420.4,420.3,423.7,417.15,16.16M,0.29%
30-06-2021,419.2,423,424.9,418.3,18.34M,-0.55%
29-06-2021,421.5,427.5,428.95,420.55,22.28M,-1.23%
28-06-2021,426.75,430.7,433.15,424.55,29.37M,-0.48%
25-06-2021,428.8,421,431,419.05,29.89M,2.78%
24-06-2021,417.2,420.35,422.75,416.3,19.21M,-0.39%
23-06-2021,418.85,421.1,424.75,415,27.56M,0.05%
22-06-2021,418.65,423,425.45,417.3,28.44M,-0.26%
21-06-2021,419.75,406.35,421,400.5,33.13M,1.66%
18-06-2021,412.9,423.9,423.9,402.65,45.75M,-1.75%
17-06-2021,420.25,421,425.95,416.6,23.05M,-1.34%
16-06-2021,425.95,428,432.75,425,19.70M,-0.83%
15-06-2021,429.5,429.2,432.8,428,16.41M,-0.20%
14-06-2021,430.35,427,432.45,416.7,30.11M,0.17%
11-06-2021,429.6,434.85,435.5,425.25,26.83M,-0.61%
10-06-2021,432.25,424.9,433.3,422.4,27.40M,2.56%
09-06-2021,421.45,427.5,432.3,418.2,27.78M,-1.35%
08-06-2021,427.2,432.25,432.5,424,31.11M,-1.17%
07-06-2021,432.25,435.1,437.4,430.8,20.20M,-0.31%
04-06-2021,433.6,437.5,441.9,431.75,36.90M,-1.38%
03-06-2021,439.65,437,441.95,433.5,38.91M,0.55%
02-06-2021,437.25,430.8,437.95,429.15,38.66M,1.09%
01-06-2021,432.55,426.05,435.35,425.6,59.30M,1.93%
31-05-2021,424.35,421,426,418,38.29M,0.54%
28-05-2021,422.05,430.5,433.65,420.05,65.14M,-0.74%
27-05-2021,425.2,413.7,429.1,412,73.39M,2.82%
26-05-2021,413.55,413.8,418.75,410.8,52.36M,0.29%
25-05-2021,412.35,415.1,415.5,408.5,56.05M,0.07%
24-05-2021,412.05,417,419.2,405.3,142.96M,2.70%
21-05-2021,401.2,390,404.4,378,192.81M,4.33%
20-05-2021,384.55,387,387.8,382,42.90M,0.04%
19-05-2021,384.4,382,389.5,381.2,48.19M,0.56%
18-05-2021,382.25,390,392.55,380.05,70.92M,-0.22%
17-05-2021,383.1,364.4,385.2,363.65,106.56M,6.28%
14-05-2021,360.45,370,372.5,359.55,51.72M,-1.97%
12-05-2021,367.7,362.8,373.5,361.9,53.44M,0.84%
11-05-2021,364.65,356.85,366.4,354.75,41.89M,0.82%
10-05-2021,361.7,360.5,367,358.8,41.74M,0.96%
07-05-2021,358.25,357.5,362,353,38.36M,0.76%
06-05-2021,355.55,358,359.35,350.55,36.29M,0.04%
05-05-2021,355.4,356.5,357.45,348,40.87M,1.11%
04-05-2021,351.5,355,362.9,350.2,57.75M,0.26%
03-05-2021,350.6,349.6,352.5,341.4,43.69M,-0.82%
30-04-2021,353.5,353.45,362.5,350.45,53.83M,-1.64%
29-04-2021,359.4,365,369.95,355.5,63.69M,-1.10%
28-04-2021,363.4,357,364.3,356.05,56.70M,2.93%
27-04-2021,353.05,344,354.95,342.4,46.00M,2.54%
26-04-2021,344.3,339.25,347.45,339.25,49.24M,2.33%
23-04-2021,336.45,331.65,339.9,331.65,44.22M,-0.06%
22-04-2021,336.65,326,337.65,323.3,49.11M,2.17%
20-04-2021,329.5,335.1,339.9,326.7,41.30M,-0.50%
19-04-2021,331.15,327.15,332.05,321.3,53.30M,-2.57%
16-04-2021,339.9,343,345.5,338.65,37.77M,-0.82%
15-04-2021,342.7,342.1,347.55,336.1,52.99M,0.50%
13-04-2021,341,332,342.25,330.5,49.77M,3.69%
12-04-2021,328.85,344,344,322.55,75.50M,-6.84%
09-04-2021,353,354.4,364.5,351.2,46.47M,-0.73%
08-04-2021,355.6,361,363.3,354.3,33.37M,-0.82%
07-04-2021,358.55,351.25,363.2,347.6,48.02M,2.28%
06-04-2021,350.55,355.7,357,349.3,44.15M,-0.85%
05-04-2021,353.55,367.5,369.2,349.05,51.74M,-4.61%
01-04-2021,370.65,367.7,371.9,363.1,31.88M,1.74%
31-03-2021,364.3,360.3,367.85,357.95,38.65M,0.97%
30-03-2021,360.8,360.1,364.3,356.3,39.41M,1.01%
26-03-2021,357.2,360,362,354.55,40.72M,0.56%
25-03-2021,355.2,360,360.85,345.2,57.50M,-1.29%
24-03-2021,359.85,368.5,369.05,358.65,42.32M,-3.45%
23-03-2021,372.7,368.7,377.95,367.05,41.03M,1.55%
22-03-2021,367,372,372.8,363.5,28.46M,-1.12%
19-03-2021,371.15,363.95,372.9,357.25,60.31M,1.10%
18-03-2021,367.1,371.5,375,361.1,39.41M,-0.29%
17-03-2021,368.15,378.2,379.65,366.05,33.14M,-2.75%
16-03-2021,378.55,385.6,387.85,376.1,38.20M,-1.39%
15-03-2021,383.9,382.5,386,369.35,42.72M,0.73%
12-03-2021,381.1,391.7,393.2,377.5,35.34M,-1.70%
10-03-2021,387.7,391.1,393,385.7,22.68M,0.03%
09-03-2021,387.6,393.45,394.9,382.25,28.05M,-0.51%
08-03-2021,389.6,388.45,393.4,386.05,39.15M,1.55%
05-03-2021,383.65,395,395,378.1,72.18M,-3.03%
04-03-2021,395.65,398.7,403.5,394.45,43.60M,-2.32%
03-03-2021,405.05,396.5,408.9,396,46.27M,2.75%
02-03-2021,394.2,395,399.55,390.55,30.53M,-0.19%
01-03-2021,394.95,395.1,397.7,391,29.68M,1.23%
26-02-2021,390.15,399.5,401,387,64.45M,-4.20%
25-02-2021,407.25,411,414.9,406.55,46.99M,0.25%
24-02-2021,406.25,397,410.5,395.2,39.63M,2.69%
23-02-2021,395.6,392,399.7,389,45.46M,1.57%
22-02-2021,389.5,400.6,401,385.65,52.54M,-2.52%
19-02-2021,399.55,415,415,395,66.16M,-3.77%
18-02-2021,415.2,425.05,427.7,413.7,67.15M,0.84%
17-02-2021,411.75,403,414.85,400.15,74.16M,2.34%
16-02-2021,402.35,412,415.75,400.3,80.37M,-1.13%
15-02-2021,406.95,397.5,409.45,395.7,56.61M,3.51%
12-02-2021,393.15,391,399.35,385.55,53.59M,0.77%
11-02-2021,390.15,391.8,396.95,388.25,36.39M,-0.54%
10-02-2021,392.25,394.05,397.9,388,54.16M,-0.65%
09-02-2021,394.8,396.75,403.5,389,63.87M,-0.57%
08-02-2021,397.05,398,407.8,394.75,79.39M,1.00%
05-02-2021,393.1,387,408.35,385.15,214.96M,10.70%
04-02-2021,355.1,334.4,358,331.1,145.20M,5.70%
03-02-2021,335.95,333.75,339.9,325.8,66.42M,0.86%
02-02-2021,333.1,315,337.4,315,121.43M,7.21%
01-02-2021,310.7,285.1,313.9,282.75,103.41M,10.14%
29-01-2021,282.1,285.6,290.65,279.1,42.30M,-0.09%
28-01-2021,282.35,271.9,283.35,269.5,48.72M,2.43%
27-01-2021,275.65,280.2,284.85,272.7,39.21M,-1.89%
25-01-2021,280.95,284.5,288,277.05,34.03M,-0.97%
22-01-2021,283.7,295.5,298,282.4,44.44M,-3.78%
21-01-2021,294.85,304,305.15,291.5,30.00M,-2.55%
20-01-2021,302.55,298.8,304.7,296.85,33.76M,1.32%
19-01-2021,298.6,297.65,302.5,296.4,35.80M,1.41%
18-01-2021,294.45,303.5,308.65,292.2,54.97M,-3.09%
15-01-2021,303.85,306.8,310.9,301.3,35.31M,-1.11%
14-01-2021,307.25,306.7,309.25,303.8,40.12M,0.15%
13-01-2021,306.8,296,308,294.5,78.04M,4.89%
12-01-2021,292.5,280,293.85,277.9,44.31M,3.54%
11-01-2021,282.5,288,288.2,279.6,29.70M,-1.22%
08-01-2021,286,290.1,291.4,285.2,32.54M,-0.59%
07-01-2021,287.7,289,291.8,287,30.55M,0.93%
06-01-2021,285.05,283,289.15,281.4,40.77M,1.17%
05-01-2021,281.75,278.05,282.45,277,27.39M,0.25%
04-01-2021,281.05,281.85,283.9,277.75,31.45M,0.59%
01-01-2021,279.4,274.9,280,274.4,24.53M,1.62%
31-12-2020,274.95,275,277.25,272.6,29.47M,-0.70%
30-12-2020,276.9,278,278.7,272.5,30.97M,-0.36%
29-12-2020,277.9,276.3,279.9,274.7,45.03M,0.98%
28-12-2020,275.2,268.75,276,268,36.87M,3.13%
24-12-2020,266.85,265,268.85,264.65,28.59M,1.46%
23-12-2020,263,256.95,263.9,255.6,29.06M,2.16%
22-12-2020,257.45,254.8,258.7,248.25,51.19M,1.08%
21-12-2020,254.7,268.45,269,251.05,55.16M,-6.17%
18-12-2020,271.45,267.7,271.95,265,29.82M,1.40%
17-12-2020,267.7,270,272.15,266.7,25.90M,-0.63%
16-12-2020,269.4,272.8,273.65,268.5,24.84M,-0.46%
15-12-2020,270.65,274.05,274.05,268.15,34.89M,-1.29%
14-12-2020,274.2,274,276.15,272.35,31.95M,0.64%
11-12-2020,272.45,270.05,276.25,270.05,50.26M,1.08%
10-12-2020,269.55,269,271,265.55,38.68M,-0.30%
09-12-2020,270.35,272.1,274.9,269.2,48.50M,-0.57%
08-12-2020,271.9,270.95,273.7,265.25,65.62M,0.85%
07-12-2020,269.6,263.8,271.45,263,76.05M,2.31%
04-12-2020,263.5,257,264.35,253.55,79.25M,2.81%
03-12-2020,256.3,249.3,259,248,79.27M,3.79%
02-12-2020,246.95,248.35,250.85,244.1,56.72M,-0.44%
01-12-2020,248.05,245,248.95,244.25,37.00M,1.56%
27-11-2020,244.25,245.45,246.25,242.05,54.36M,-0.49%
26-11-2020,245.45,244,246.25,240.15,64.25M,1.01%
25-11-2020,243,245.45,249.9,241.6,74.77M,-0.35%
24-11-2020,243.85,240.5,245,239.5,47.64M,2.16%
23-11-2020,238.7,243.5,246.15,238.1,57.54M,-1.67%
20-11-2020,242.75,241.5,245.4,233.95,84.41M,1.25%
19-11-2020,239.75,248,251.8,239,82.28M,-4.86%
18-11-2020,252,239.4,253,237.9,104.51M,4.91%
17-11-2020,240.2,231.85,241.6,231,80.50M,4.59%
14-11-2020,229.65,232,232.9,227.75,7.75M,0.09%
13-11-2020,229.45,225,230.65,220.1,70.68M,1.17%
12-11-2020,226.8,233.2,233.35,225.65,58.86M,-3.16%
11-11-2020,234.2,232.75,239.35,227.75,107.09M,1.08%
10-11-2020,231.7,223.1,235,223,135.29M,5.56%
09-11-2020,219.5,222.5,222.65,217.05,60.36M,0.14%
06-11-2020,219.2,219,221.85,217.05,73.15M,0.25%
05-11-2020,218.65,216,221,214.75,138.02M,5.63%
04-11-2020,207,203.5,209,198.05,117.58M,1.10%
03-11-2020,204.75,198,205.8,197.6,69.89M,4.44%
02-11-2020,196.05,192.2,197.25,190.05,52.60M,3.59%
30-10-2020,189.25,189.35,192,186.15,41.52M,0.29%
29-10-2020,188.7,189.35,190.7,185.9,44.82M,-0.92%
28-10-2020,190.45,195,195,189.05,46.46M,-2.16%
27-10-2020,194.65,197.25,197.55,192.25,37.80M,-1.04%
26-10-2020,196.7,202.7,204,195.6,45.47M,-3.01%
23-10-2020,202.8,204,205.6,201.55,32.71M,-0.25%
22-10-2020,203.3,201.9,204.6,201.1,33.72M,-0.22%
21-10-2020,203.75,204.7,207.3,198.85,54.52M,0.34%
20-10-2020,203.05,201,204.35,200.7,39.32M,-0.47%
19-10-2020,204,196.2,204.6,196.05,60.22M,4.11%
16-10-2020,195.95,194,196.75,191.6,36.89M,1.61%
15-10-2020,192.85,201,202.5,192,49.18M,-3.60%
14-10-2020,200.05,194.05,200.9,193.05,40.55M,2.22%
13-10-2020,195.7,198.65,200,195.1,34.95M,-1.51%
12-10-2020,198.7,199.7,205.95,197.25,69.13M,0.20%
09-10-2020,198.3,192,198.8,190.55,64.91M,3.55%
08-10-2020,191.5,191.35,195.8,190.55,43.35M,0.42%
07-10-2020,190.7,192.55,193.15,189.1,34.58M,-0.47%
06-10-2020,191.6,191.1,192.1,188.3,31.10M,1.51%
05-10-2020,188.75,192,193.8,187.05,41.69M,-0.81%
01-10-2020,190.3,187,191.2,186.9,43.59M,2.64%
30-09-2020,185.4,185.05,186.8,182.4,37.64M,0.19%
29-09-2020,185.05,188.5,188.95,183.25,35.69M,-1.17%
28-09-2020,187.25,184,188.15,183.35,41.92M,2.77%
25-09-2020,182.2,179,182.75,176.15,46.55M,3.32%
24-09-2020,176.35,181.1,181.8,175.5,46.12M,-4.05%
23-09-2020,183.8,188.15,188.95,181,44.32M,-1.29%
22-09-2020,186.2,186.15,188.3,181.15,51.22M,0.22%
21-09-2020,185.8,193.05,193.5,184.25,57.61M,-3.53%
18-09-2020,192.6,196,197.2,189.7,55.29M,-1.46%
17-09-2020,195.45,197,198,195,41.23M,-1.39%
16-09-2020,198.2,199.85,200.05,196.25,52.41M,-0.97%
15-09-2020,200.15,199.9,201,197.1,51.76M,0.83%
14-09-2020,198.5,205.9,206.2,197.35,63.61M,-2.07%
11-09-2020,202.7,198.55,203.85,197,48.49M,2.30%
10-09-2020,198.15,197.7,201.45,195.2,67.79M,1.69%
09-09-2020,194.85,201.1,201.4,192.5,72.72M,-4.51%
08-09-2020,204.05,207.9,208.5,202.9,34.15M,-1.85%
07-09-2020,207.9,207.5,209.65,205.4,35.69M,0.63%
04-09-2020,206.6,210,212.3,205.9,54.44M,-3.07%
03-09-2020,213.15,217.5,218.25,212.3,38.60M,-1.43%
02-09-2020,216.25,218.25,219,212.3,47.61M,-0.85%
01-09-2020,218.1,213.1,218.9,211.2,75.05M,2.88%
31-08-2020,212,231.55,231.55,210.35,119.99M,-5.71%
28-08-2020,224.85,217,225.9,216.8,95.98M,4.27%
27-08-2020,215.65,210.5,216.5,210.5,81.00M,2.76%
26-08-2020,209.85,208.5,210.35,206.15,66.75M,0.91%
25-08-2020,207.95,204,208.45,202.7,105.40M,3.23%
24-08-2020,201.45,200,202.8,198.6,53.87M,1.54%
21-08-2020,198.4,199,201.5,197.65,68.05M,1.87%
20-08-2020,194.75,194,196.35,193.25,37.51M,-1.17%
19-08-2020,197.05,196.4,200.3,195.9,59.30M,1.00%
18-08-2020,195.1,193.8,195.75,191.7,46.30M,1.04%
17-08-2020,193.1,198.45,198.65,191.5,54.79M,-1.73%
14-08-2020,196.5,203,204,194.6,56.18M,-2.67%
13-08-2020,201.9,205.5,207.3,200.75,70.44M,-0.69%
12-08-2020,203.3,196,204.25,194.6,157.82M,4.23%
11-08-2020,195.05,195,196.8,193.75,43.89M,0.64%
10-08-2020,193.8,191.85,195.5,191.7,48.79M,1.65%
07-08-2020,190.65,191.45,192.1,189.55,44.82M,-0.16%
06-08-2020,190.95,192.3,194.5,190.25,59.74M,-0.26%
05-08-2020,191.45,192.75,196.85,191,68.89M,-0.08%
04-08-2020,191.6,193.35,193.8,190.5,43.87M,-0.34%
03-08-2020,192.25,192,194.6,190.05,72.46M,0.42%
31-07-2020,191.45,188,194.85,186.7,145.90M,2.63%
30-07-2020,186.55,192.5,193.5,186.05,48.48M,-2.43%
29-07-2020,191.2,187.6,195.25,187,73.77M,0.92%
28-07-2020,189.45,188,190.5,185.75,51.49M,1.23%
27-07-2020,187.15,193,193.2,186.5,50.71M,-2.50%
24-07-2020,191.95,195.7,196.3,190.65,65.27M,-3.18%
23-07-2020,198.25,192.4,199.1,191.15,70.80M,3.26%
22-07-2020,192,195.7,196.75,190.1,62.28M,-1.23%
21-07-2020,194.4,192.45,196.2,191.5,59.29M,1.91%
20-07-2020,190.75,190,193.25,188.75,45.68M,1.35%
17-07-2020,188.2,186.8,189.5,185,47.04M,1.05%
16-07-2020,186.25,185,186.95,181.65,46.55M,1.33%
15-07-2020,183.8,187.95,189.95,183,58.53M,-1.21%
14-07-2020,186.05,192.3,192.3,184.6,62.24M,-3.45%
13-07-2020,192.7,198.8,199.8,191.6,61.95M,-1.48%
10-07-2020,195.6,198,202.5,194.8,111.41M,-1.76%
09-07-2020,199.1,192.8,201,192.55,89.54M,3.75%
08-07-2020,191.9,188.9,197.45,188.4,143.08M,1.75%
07-07-2020,188.6,187,189.2,184.05,55.12M,0.29%
06-07-2020,188.05,186.6,189.85,186.15,43.79M,1.81%
03-07-2020,184.7,186.65,186.85,183.4,38.05M,-0.40%
02-07-2020,185.45,185.65,188,184,52.13M,0.35%
01-07-2020,184.8,179.45,185.4,178.6,54.02M,3.56%
30-06-2020,178.45,181.1,182.9,177.25,43.62M,-0.45%
29-06-2020,179.25,183,183.1,178.5,50.97M,-2.90%
26-06-2020,184.6,188,188.6,183.8,49.18M,-0.35%
25-06-2020,185.25,182.2,186.8,180.4,73.63M,0.35%
24-06-2020,184.6,194.8,194.9,183.9,74.67M,-4.08%
23-06-2020,192.45,189.6,193.1,187.85,65.49M,2.53%
22-06-2020,187.7,185,191.75,184.25,80.02M,1.73%
19-06-2020,184.5,180.3,184.95,179.5,76.90M,2.70%
18-06-2020,179.65,172.4,180.65,171.1,58.26M,3.87%
17-06-2020,172.95,171,176.2,169.25,73.87M,0.03%
16-06-2020,172.9,178,178.95,169.4,63.93M,-0.46%
15-06-2020,173.7,177.85,177.85,172,63.62M,-3.04%
12-06-2020,179.15,170,180,169.8,92.76M,1.13%
11-06-2020,177.15,188,190.4,176.35,91.73M,-5.62%
10-06-2020,187.7,184.55,189,183.8,67.34M,1.76%
09-06-2020,184.45,187.7,191,183.35,96.66M,-1.26%
08-06-2020,186.8,197,197.5,185.8,151.75M,-0.53%
05-06-2020,187.8,176.55,189.8,176,201.33M,7.90%
04-06-2020,174.05,174.9,177.65,171.5,83.50M,-0.49%
03-06-2020,174.9,172.5,179.9,172,113.17M,2.73%
02-06-2020,170.25,169.9,171.3,167.2,70.42M,0.12%
01-06-2020,170.05,164,171.4,163.35,92.74M,5.42%
29-05-2020,161.3,156.1,161.9,155.2,58.37M,1.96%
28-05-2020,158.2,159.45,162.4,156.7,76.97M,-0.25%
27-05-2020,158.6,151.95,160.8,150.8,88.21M,4.76%
26-05-2020,151.4,152.4,153.2,150.2,48.28M,0.36%
22-05-2020,150.85,152,155.6,149.45,87.07M,-0.72%
21-05-2020,151.95,153.65,156.15,151.5,61.15M,-0.95%
20-05-2020,153.4,153,155.25,151.15,66.18M,0.39%
19-05-2020,152.8,157.5,157.85,152.4,71.52M,-1.61%
18-05-2020,155.3,166.4,166.4,155,77.35M,-6.67%
15-05-2020,166.4,167.95,168.25,164.7,35.50M,-0.92%
14-05-2020,167.95,170.95,171.75,167.5,48.14M,-3.53%
13-05-2020,174.1,178.55,178.55,170.5,81.72M,4.31%
12-05-2020,166.9,164.2,168.5,160.85,70.75M,0.88%
11-05-2020,165.45,167.95,168.9,165,54.59M,-0.72%
08-05-2020,166.65,172.45,173.8,166.1,55.94M,-2.40%
07-05-2020,170.75,170.85,172.55,168.8,42.94M,-0.20%
06-05-2020,171.1,171.15,173.3,166.55,73.16M,0.41%
05-05-2020,170.4,181,181.25,168.8,91.05M,-4.72%
04-05-2020,178.85,182.45,183.5,178,58.12M,-6.12%
30-04-2020,190.5,193.5,195.9,189.7,63.07M,0.21%
29-04-2020,190.1,185,191.8,183.5,57.47M,3.15%
28-04-2020,184.3,182,185.35,181.2,49.59M,1.88%
27-04-2020,180.9,183.5,183.5,180.5,43.00M,0.64%
24-04-2020,179.75,184,184,179,65.15M,-3.72%
23-04-2020,186.7,187.75,189.9,185.15,50.96M,-1.06%
22-04-2020,188.7,185.5,189.5,181.35,61.50M,2.14%
21-04-2020,184.75,188,188.2,183,53.04M,-4.03%
20-04-2020,192.5,194,197.35,190.05,81.96M,-0.39%
17-04-2020,193.25,196,198,186.3,89.86M,2.52%
16-04-2020,188.5,182,189.9,180.25,61.17M,3.37%
15-04-2020,182.35,187,191.95,180.15,72.19M,-0.63%
13-04-2020,183.5,186.8,188.7,183.1,51.85M,-2.26%
09-04-2020,187.75,188,190,183.6,62.42M,2.60%
08-04-2020,183,182.9,194.4,180.45,80.44M,-1.82%
07-04-2020,186.4,184.4,187.3,177.6,72.13M,6.21%
03-04-2020,175.5,187.55,188.2,175,64.46M,-5.92%
01-04-2020,186.55,194,194.5,185.25,52.95M,-5.23%
31-03-2020,196.85,192,198.5,188.05,59.54M,5.32%
30-03-2020,186.9,190,195,186.25,60.08M,-4.62%
27-03-2020,195.95,202,211.9,195,114.75M,1.66%
26-03-2020,192.75,191.55,201,185.1,107.26M,1.50%
25-03-2020,189.9,178,195.25,176.45,71.57M,3.66%
24-03-2020,183.2,190.95,191.95,173.55,67.49M,0.88%
23-03-2020,181.6,190,199.5,180.25,61.75M,-13.46%
20-03-2020,209.85,205.55,215.7,200,77.39M,3.04%
19-03-2020,203.65,202.95,219.75,198.15,93.54M,-5.37%
18-03-2020,215.2,221,223.15,200.1,101.41M,0.02%
17-03-2020,215.15,227.2,229.9,212.05,65.41M,-3.67%
16-03-2020,223.35,227.9,231.4,220.6,75.58M,-7.71%
13-03-2020,242,200,248.8,184.65,155.70M,13.83%
12-03-2020,212.6,231.9,231.9,208.6,99.77M,-13.26%
11-03-2020,245.1,253,258.5,243.1,90.85M,-3.29%
09-03-2020,253.45,260.05,262.75,251.15,101.29M,-6.30%
06-03-2020,270.5,268,274.4,253.95,106.04M,-6.24%
05-03-2020,288.5,290.9,298.4,270,149.25M,1.12%
04-03-2020,285.3,291.8,293,275.1,73.68M,-1.57%
03-03-2020,289.85,293,294.4,285.3,61.95M,0.85%
02-03-2020,287.4,311,312,284.05,66.71M,-5.15%
28-02-2020,303,312,314.65,301.1,59.71M,-5.89%
27-02-2020,321.95,328,330,318,47.01M,-1.90%
26-02-2020,328.2,324.85,330.8,324.2,43.92M,0.43%
25-02-2020,326.8,325.9,328.15,322.2,39.05M,1.19%
24-02-2020,322.95,325.75,331.3,321.85,45.27M,-1.43%
20-02-2020,327.65,319.35,329.2,318.75,40.15M,2.28%
19-02-2020,320.35,322.3,324,317.25,39.85M,0.88%
18-02-2020,317.55,315.4,319.2,309.4,38.59M,1.07%
17-02-2020,314.2,320.95,321.15,311.65,36.95M,-1.63%
14-02-2020,319.4,328.1,331.9,318.55,48.21M,-2.46%
13-02-2020,327.45,322,330.95,322,62.52M,2.26%
12-02-2020,320.2,329.9,329.9,319.25,38.93M,-1.28%
11-02-2020,324.35,321.05,325.8,321.05,30.19M,1.84%
10-02-2020,318.5,319.8,322.8,316.5,24.82M,-0.64%
07-02-2020,320.55,321.5,325,318.4,37.13M,-0.43%
06-02-2020,321.95,311.2,323.5,310.1,57.76M,3.52%
05-02-2020,311,306.9,313.65,304.6,35.01M,1.55%
04-02-2020,306.25,302.9,307.55,297.1,51.14M,2.73%
03-02-2020,298.1,303,306.85,295.35,56.06M,-1.49%
01-02-2020,302.6,317.95,322.65,296.3,61.84M,-4.98%
31-01-2020,318.45,313.7,321.7,308.6,92.66M,2.49%
30-01-2020,310.7,316.75,316.75,305.65,35.80M,-1.82%
29-01-2020,316.45,317.85,319.7,315.55,23.91M,0.43%
28-01-2020,315.1,317.95,320,311.05,26.49M,-0.35%
27-01-2020,316.2,320.9,322,315.8,23.31M,-2.42%
24-01-2020,324.05,323.5,327.3,321.15,22.71M,0.26%
23-01-2020,323.2,316,324.8,314.15,33.29M,2.23%
22-01-2020,316.15,317,317,313.7,24.99M,0.78%
21-01-2020,313.7,313.8,316.95,312,30.59M,-0.10%
20-01-2020,314,321,321.45,313.4,30.68M,-1.26%
17-01-2020,318,313,323.5,310.1,58.40M,-1.64%
16-01-2020,323.3,324,326.9,322.35,26.65M,-0.29%
15-01-2020,324.25,329,329.2,322.35,32.63M,-1.14%
14-01-2020,328,329.8,331.7,326.5,26.30M,-0.83%
13-01-2020,330.75,334,335.45,329.05,23.62M,-0.45%
10-01-2020,332.25,331,337.95,328.1,42.38M,0.62%
09-01-2020,330.2,326.9,331.4,325,40.35M,3.25%
08-01-2020,319.8,312.1,321.5,311,44.53M,0.44%
07-01-2020,318.4,324.45,327,315.4,50.97M,-0.19%
06-01-2020,319,331.7,331.7,317.7,35.65M,-4.41%
03-01-2020,333.7,337.95,337.95,332,21.85M,-1.65%
02-01-2020,339.3,334.5,339.85,333.35,20.32M,1.45%
01-01-2020,334.45,334.7,335.95,332.15,17.38M,0.21%
